"Date","Price","Open","High","Low","Vol.","Change %"
"Dec 08, 2018","23.869","24.999","26.667","23.865","6.15M","-4.51%"
"Dec 07, 2018","24.998","26.728","26.890","22.362","6.64M","-6.50%"
"Dec 06, 2018","26.735","29.263","30.473","26.367","4.30M","-8.63%"
"Dec 05, 2018","29.261","31.169","31.539","29.228","3.04M","-6.00%"
"Dec 04, 2018","31.129","31.016","32.256","30.093","2.82M","0.41%"
"Dec 03, 2018","31.002","33.774","60.670","30.152","3.92M","-8.20%"
"Dec 02, 2018","33.772","34.205","35.181","33.185","3.52M","-1.29%"
"Dec 01, 2018","34.212","32.182","35.099","31.412","3.33M","6.16%"
"Nov 30, 2018","32.228","33.869","34.494","31.335","3.16M","-4.84%"
"Nov 29, 2018","33.867","34.714","35.730","33.238","3.82M","-2.42%"
"Nov 28, 2018","34.708","31.570","36.305","30.981","4.23M","9.98%"
"Nov 27, 2018","31.558","30.078","32.006","28.795","3.89M","4.92%"
"Nov 26, 2018","30.078","31.422","32.674","28.729","5.29M","-4.35%"
"Nov 25, 2018","31.447","29.675","32.645","27.669","6.72M","5.97%"
"Nov 24, 2018","29.675","32.710","33.978","29.113","4.48M","-9.28%"
"Nov 23, 2018","32.710","32.166","33.744","31.175","5.62M","1.70%"
"Nov 22, 2018","32.164","35.055","35.535","32.107","5.26M","-8.24%"
"Nov 21, 2018","35.052","33.736","35.173","32.213","5.04M","3.92%"
"Nov 20, 2018","33.731","36.979","38.736","31.450","6.70M","-8.78%"
"Nov 19, 2018","36.978","43.150","43.236","35.908","4.96M","-14.30%"
"Nov 18, 2018","43.150","42.387","44.127","41.174","1.74M","1.81%"
"Nov 17, 2018","42.383","42.798","42.840","41.423","1.37M","-0.96%"
"Nov 16, 2018","42.792","44.616","44.655","41.867","2.05M","-4.08%"
"Nov 15, 2018","44.612","44.627","45.201","40.949","3.96M","0.00%"
"Nov 14, 2018","44.610","50.370","51.267","41.481","3.86M","-11.44%"
"Nov 13, 2018","50.370","50.764","51.599","49.726","2.16M","-0.77%"
"Nov 12, 2018","50.763","50.555","51.903","49.825","2.47M","0.44%"
"Nov 11, 2018","50.541","52.475","52.562","49.000","1.83M","-3.69%"
"Nov 10, 2018","52.477","52.199","52.922","50.619","1.15M","0.73%"
"Nov 09, 2018","52.095","52.655","53.047","48.978","1.46M","-1.06%"
"Nov 08, 2018","52.655","54.442","54.916","52.406","1.69M","-3.28%"
"Nov 07, 2018","54.441","56.406","56.805","53.128","1.93M","-3.48%"
"Nov 06, 2018","56.401","53.567","56.477","51.256","1.69M","5.28%"
"Nov 05, 2018","53.570","54.572","55.129","52.940","2.02M","-1.84%"
"Nov 04, 2018","54.573","51.115","56.253","48.437","2.28M","6.76%"
"Nov 03, 2018","51.117","51.724","51.791","50.434","1.82M","-1.16%"
"Nov 02, 2018","51.716","50.595","52.113","48.241","2.28M","2.21%"
"Nov 01, 2018","50.596","49.952","50.781","49.851","2.05M","1.31%"
"Oct 31, 2018","49.943","49.317","50.652","48.209","2.51M","1.28%"
"Oct 30, 2018","49.314","49.307","50.071","48.915","1.52M","0.00%"
"Oct 29, 2018","49.314","51.958","52.501","48.161","2.71M","-5.14%"
"Oct 28, 2018","51.984","52.363","52.465","51.811","2.46M","-0.73%"
"Oct 27, 2018","52.364","52.608","53.202","51.994","2.19M","-0.46%"
"Oct 26, 2018","52.607","53.003","53.447","52.382","2.57M","-0.75%"
"Oct 25, 2018","53.003","53.094","53.293","52.677","2.10M","-0.16%"
"Oct 24, 2018","53.088","53.325","53.933","52.894","2.91M","-0.44%"
"Oct 23, 2018","53.320","53.122","54.694","50.648","2.47M","0.41%"
"Oct 22, 2018","53.105","53.686","54.176","52.780","2.24M","-1.15%"
"Oct 21, 2018","53.721","54.233","54.751","53.476","2.40M","-0.94%"
"Oct 20, 2018","54.231","53.632","54.866","53.336","2.04M","1.11%"
"Oct 19, 2018","53.638","53.431","54.470","52.965","2.19M","0.40%"
"Oct 18, 2018","53.426","55.484","55.706","52.819","2.30M","-3.71%"
"Oct 17, 2018","55.484","55.416","55.571","54.339","1.96M","0.14%"
"Oct 16, 2018","55.408","55.950","56.809","54.619","1.86M","-0.97%"
"Oct 15, 2018","55.951","52.545","61.175","52.233","3.21M","6.48%"
"Oct 14, 2018","52.545","54.063","54.499","51.838","2.13M","-2.80%"
"Oct 13, 2018","54.059","53.806","54.926","53.551","1.71M","0.47%"
"Oct 12, 2018","53.806","51.263","54.149","50.968","2.17M","4.99%"
"Oct 11, 2018","51.248","58.334","58.373","49.426","3.18M","-12.21%"
"Oct 10, 2018","58.374","58.968","59.086","57.551","2.68M","-1.01%"
"Oct 09, 2018","58.968","59.655","59.887","58.523","2.23M","-1.15%"
"Oct 08, 2018","59.655","58.274","60.163","57.693","2.26M","2.37%"
"Oct 07, 2018","58.273","57.951","58.533","56.986","1.50M","0.56%"
"Oct 06, 2018","57.951","59.065","59.169","56.692","4.73M","-1.78%"
"Oct 05, 2018","59.001","58.410","59.820","57.672","4.63M","1.01%"
"Oct 04, 2018","58.411","57.562","60.079","57.457","3.26M","1.51%"
"Oct 03, 2018","57.541","59.606","59.704","56.745","4.78M","-3.46%"
"Oct 02, 2018","59.606","60.392","61.835","59.231","4.43M","-1.32%"
"Oct 01, 2018","60.401","61.225","62.137","59.472","4.48M","-1.34%"
"Sep 30, 2018","61.224","61.703","63.035","59.810","4.32M","-0.78%"
"Sep 29, 2018","61.703","61.943","62.324","59.080","3.26M","-0.39%"
"Sep 28, 2018","61.947","63.275","64.897","60.336","3.75M","-2.09%"
"Sep 27, 2018","63.267","57.257","65.486","56.747","4.57M","10.49%"
"Sep 26, 2018","57.259","57.573","59.838","56.583","2.67M","-0.52%"
"Sep 25, 2018","57.559","57.982","58.082","54.430","2.92M","-0.73%"
"Sep 24, 2018","57.982","61.408","61.540","57.218","2.93M","-5.58%"
"Sep 23, 2018","61.409","60.628","63.701","59.961","2.98M","1.29%"
"Sep 22, 2018","60.628","60.917","61.869","58.081","3.12M","-0.50%"
"Sep 21, 2018","60.934","56.554","62.610","56.494","3.22M","7.74%"
"Sep 20, 2018","56.554","54.320","57.165","53.436","2.29M","4.11%"
"Sep 19, 2018","54.321","54.079","54.969","51.738","3.04M","0.44%"
"Sep 18, 2018","54.085","52.118","55.417","50.625","3.45M","3.78%"
"Sep 17, 2018","52.115","56.756","57.807","51.489","3.49M","-8.18%"
"Sep 16, 2018","56.756","56.429","57.488","54.595","3.48M","0.58%"
"Sep 15, 2018","56.429","56.259","58.738","55.743","3.15M","0.28%"
"Sep 14, 2018","56.270","54.502","58.873","52.955","3.82M","3.24%"
"Sep 13, 2018","54.506","51.719","55.274","51.718","4.23M","5.42%"
"Sep 12, 2018","51.704","52.053","52.118","47.344","3.89M","-0.67%"
"Sep 11, 2018","52.052","54.380","54.746","50.166","3.63M","-4.28%"
"Sep 10, 2018","54.379","54.694","56.458","53.139","3.29M","-0.57%"
"Sep 09, 2018","54.688","53.082","56.632","52.355","3.38M","3.03%"
"Sep 08, 2018","53.082","55.715","57.179","52.073","3.30M","-4.73%"
"Sep 07, 2018","55.719","57.527","58.439","55.154","3.16M","-3.14%"
"Sep 06, 2018","57.523","57.978","58.033","54.200","3.74M","-0.82%"
"Sep 05, 2018","57.997","67.680","68.251","57.934","4.46M","-14.19%"
"Sep 04, 2018","67.591","65.436","69.383","65.418","3.44M","3.29%"
"Sep 03, 2018","65.435","66.179","66.505","64.412","1.89M","-1.14%"
"Sep 02, 2018","66.188","66.511","67.054","64.387","2.11M","-0.49%"
"Sep 01, 2018","66.511","62.033","67.822","62.024","3.75M","7.22%"
"Aug 31, 2018","62.033","60.151","63.500","59.644","3.30M","3.13%"
"Aug 30, 2018","60.151","61.510","61.620","58.645","2.81M","-2.21%"
"Aug 29, 2018","61.510","63.233","63.349","60.377","2.95M","-2.72%"
"Aug 28, 2018","63.230","60.581","63.668","59.766","3.05M","4.38%"
"Aug 27, 2018","60.580","57.021","61.043","56.606","2.93M","6.24%"
"Aug 26, 2018","57.021","57.888","58.026","55.880","2.77M","-1.50%"
"Aug 25, 2018","57.888","57.862","58.298","57.113","2.34M","0.05%"
"Aug 24, 2018","57.860","57.207","58.260","55.679","2.52M","1.14%"
"Aug 23, 2018","57.207","55.115","57.836","54.878","2.41M","3.80%"
"Aug 22, 2018","55.111","56.479","59.189","54.054","3.12M","-2.42%"
"Aug 21, 2018","56.479","53.528","56.752","53.330","1.98M","5.54%"
"Aug 20, 2018","53.516","57.831","58.595","53.442","2.73M","-7.46%"
"Aug 19, 2018","57.830","57.182","58.912","56.325","2.22M","1.13%"
"Aug 18, 2018","57.182","61.569","62.205","55.314","2.82M","-7.12%"
"Aug 17, 2018","61.567","55.301","61.678","55.159","2.93M","11.32%"
"Aug 16, 2018","55.307","54.362","57.437","54.207","2.54M","1.74%"
"Aug 15, 2018","54.361","54.338","59.175","54.007","3.22M","0.04%"
"Aug 14, 2018","54.338","56.530","56.532","48.926","3.12M","-3.88%"
"Aug 13, 2018","56.530","59.364","60.554","55.815","1.66M","-4.78%"
"Aug 12, 2018","59.364","57.753","61.540","57.588","1.63M","2.79%"
"Aug 11, 2018","57.753","59.267","59.884","55.122","1.86M","-2.58%"
"Aug 10, 2018","59.281","63.024","63.293","58.599","1.84M","-6.15%"
"Aug 09, 2018","63.168","62.216","64.994","60.202","2.26M","1.55%"
"Aug 08, 2018","62.203","67.405","67.551","61.093","3.03M","-7.73%"
"Aug 07, 2018","67.411","73.775","75.291","66.829","2.52M","-8.63%"
"Aug 06, 2018","73.775","74.582","76.712","72.608","1.87M","-1.09%"
"Aug 05, 2018","74.588","72.971","74.691","72.476","1.70M","2.22%"
"Aug 04, 2018","72.971","77.692","78.045","72.291","2.22M","-6.08%"
"Aug 03, 2018","77.692","76.250","77.794","74.959","1.97M","1.89%"
"Aug 02, 2018","76.251","77.736","78.523","75.635","1.22M","-1.91%"
"Aug 01, 2018","77.736","78.966","79.100","76.192","1.06M","-1.55%"
"Jul 31, 2018","78.961","82.306","82.581","76.269","1.32M","-4.07%"
"Jul 30, 2018","82.315","83.972","84.612","79.913","1.13M","-1.97%"
"Jul 29, 2018","83.972","84.329","85.458","83.367","846.99K","-0.42%"
"Jul 28, 2018","84.329","84.706","84.904","82.601","748.99K","-0.44%"
"Jul 27, 2018","84.706","83.539","85.192","81.692","1.01M","1.38%"
"Jul 26, 2018","83.551","86.750","87.918","82.971","962.59K","-3.72%"
"Jul 25, 2018","86.775","89.533","90.702","85.011","1.57M","-3.07%"
"Jul 24, 2018","89.521","81.797","89.746","81.203","2.65M","9.45%"
"Jul 23, 2018","81.794","82.894","86.252","81.644","2.31M","-1.33%"
"Jul 22, 2018","82.894","84.186","84.750","82.640","1.32M","-1.55%"
"Jul 21, 2018","84.196","82.499","85.295","80.253","886.13K","2.06%"
"Jul 20, 2018","82.499","86.538","87.128","81.819","1.24M","-4.66%"
"Jul 19, 2018","86.535","86.736","89.083","85.483","1.28M","-0.24%"
"Jul 18, 2018","86.740","89.466","94.662","85.658","2.12M","-3.05%"
"Jul 17, 2018","89.468","84.324","90.370","82.496","2.12M","6.10%"
"Jul 16, 2018","84.326","79.082","84.573","78.401","1.90M","6.63%"
"Jul 15, 2018","79.082","76.541","79.948","75.655","1.44M","3.32%"
"Jul 14, 2018","76.542","76.841","77.565","75.785","1.45M","-0.38%"
"Jul 13, 2018","76.831","76.928","78.720","75.465","1.68M","-0.11%"
"Jul 12, 2018","76.919","78.709","78.748","74.774","1.42M","-2.28%"
"Jul 11, 2018","78.711","76.031","81.281","75.706","1.45M","3.51%"
"Jul 10, 2018","76.039","80.561","80.678","74.757","1.62M","-5.61%"
"Jul 09, 2018","80.560","82.393","83.010","80.207","1.25M","-2.22%"
"Jul 08, 2018","82.385","85.048","85.664","82.038","1.32M","-3.12%"
"Jul 07, 2018","85.040","83.245","85.376","79.836","1.33M","2.16%"
"Jul 06, 2018","83.243","83.387","84.193","80.834","1.34M","-0.17%"
"Jul 05, 2018","83.386","85.369","86.778","82.106","1.62M","-2.31%"
"Jul 04, 2018","85.360","84.925","88.903","83.656","1.37M","0.52%"
"Jul 03, 2018","84.919","85.472","89.591","84.424","1.65M","-0.63%"
"Jul 02, 2018","85.462","80.039","86.502","78.537","1.59M","6.77%"
"Jul 01, 2018","80.042","81.278","81.576","78.142","1.32M","-1.51%"
"Jun 30, 2018","81.272","79.015","83.921","79.007","1.76M","2.86%"
"Jun 29, 2018","79.015","74.318","80.461","72.672","1.65M","6.31%"
"Jun 28, 2018","74.326","80.778","81.418","74.272","1.57M","-7.99%"
"Jun 27, 2018","80.783","75.842","81.720","75.147","1.10M","6.51%"
"Jun 26, 2018","75.843","81.486","82.458","75.523","1.77M","-6.93%"
"Jun 25, 2018","81.491","80.528","87.945","78.594","2.95M","1.15%"
"Jun 24, 2018","80.565","82.815","83.656","73.428","2.92M","-2.72%"
"Jun 23, 2018","82.816","84.806","86.551","81.661","3.19M","-2.33%"
"Jun 22, 2018","84.791","96.817","96.918","80.528","2.75M","-12.42%"
"Jun 21, 2018","96.815","97.789","99.197","96.132","982.06K","-1.00%"
"Jun 20, 2018","97.789","98.803","98.986","95.498","864.26K","-1.04%"
"Jun 19, 2018","98.813","98.755","101.452","97.083","988.71K","0.06%"
"Jun 18, 2018","98.756","95.071","99.714","93.189","1.08M","3.88%"
"Jun 17, 2018","95.065","96.716","98.106","94.811","813.89K","-1.71%"
"Jun 16, 2018","96.718","95.706","97.567","92.967","911.61K","1.06%"
"Jun 15, 2018","95.705","100.951","100.984","94.853","1.06M","-5.20%"
"Jun 14, 2018","100.950","93.700","102.715","92.830","1.46M","7.72%"
"Jun 13, 2018","93.713","100.043","100.444","89.354","1.69M","-6.33%"
"Jun 12, 2018","100.050","107.174","107.810","97.907","1.26M","-6.64%"
"Jun 11, 2018","107.160","106.699","108.514","103.164","1.11M","0.43%"
"Jun 10, 2018","106.698","117.601","117.606","103.122","1.64M","-9.27%"
"Jun 09, 2018","117.598","120.004","120.986","117.306","604.70K","-2.01%"
"Jun 08, 2018","120.004","121.584","122.273","118.225","840.22K","-1.29%"
"Jun 07, 2018","121.575","121.394","123.662","119.576","1.40M","0.15%"
"Jun 06, 2018","121.393","122.208","122.706","118.429","1.11M","-0.66%"
"Jun 05, 2018","122.205","119.879","122.489","116.310","888.05K","1.94%"
"Jun 04, 2018","119.879","125.200","126.857","118.414","843.45K","-4.23%"
"Jun 03, 2018","125.168","123.484","127.863","122.400","890.99K","1.36%"
"Jun 02, 2018","123.485","120.332","124.323","118.952","881.17K","2.62%"
"Jun 01, 2018","120.334","118.463","120.472","117.086","803.17K","1.58%"
"May 31, 2018","118.462","117.472","120.909","116.502","879.34K","0.84%"
"May 30, 2018","117.473","119.542","122.695","115.413","886.61K","-1.73%"
"May 29, 2018","119.536","111.174","122.640","110.033","1.13M","7.52%"
"May 28, 2018","111.177","117.966","119.180","110.586","994.42K","-5.75%"
"May 27, 2018","117.965","118.629","119.075","116.981","763.81K","-0.56%"
"May 26, 2018","118.625","119.096","122.321","117.642","786.15K","-0.40%"
"May 25, 2018","119.096","122.980","124.455","117.085","921.10K","-3.16%"
"May 24, 2018","122.986","118.547","124.835","115.181","1.19M","3.69%"
"May 23, 2018","118.614","128.155","129.420","116.672","1.32M","-7.45%"
"May 22, 2018","128.161","134.134","135.904","127.745","793.63K","-4.45%"
"May 21, 2018","134.134","139.719","140.255","134.034","754.40K","-4.04%"
"May 20, 2018","139.786","135.163","140.567","132.774","892.22K","3.42%"
"May 19, 2018","135.162","136.065","137.656","133.075","885.65K","-0.66%"
"May 18, 2018","136.064","132.647","137.515","129.180","1.17M","2.59%"
"May 17, 2018","132.629","139.259","141.436","131.644","1.02M","-4.76%"
"May 16, 2018","139.260","139.493","140.916","134.720","1.03M","-0.17%"
"May 15, 2018","139.497","147.401","149.552","137.952","1.22M","-5.36%"
"May 14, 2018","147.398","144.462","152.628","134.676","1.92M","2.03%"
"May 13, 2018","144.462","141.799","146.773","136.790","1.14M","2.06%"
"May 12, 2018","141.540","136.308","144.509","131.066","1.34M","3.91%"
"May 11, 2018","136.210","148.417","148.613","133.704","1.87M","-8.24%"
"May 10, 2018","148.445","156.910","160.617","148.055","1.15M","-5.39%"
"May 09, 2018","156.902","159.086","160.094","151.175","1.20M","-1.37%"
"May 08, 2018","159.080","166.333","166.709","157.547","1.31M","-4.18%"
"May 07, 2018","166.019","172.187","172.562","157.852","1.65M","-3.61%"
"May 06, 2018","172.239","178.610","183.877","165.404","1.70M","-3.52%"
"May 05, 2018","178.526","169.139","183.507","168.255","1.89M","5.61%"
"May 04, 2018","169.042","161.247","171.296","157.607","1.75M","4.83%"
"May 03, 2018","161.252","151.723","164.609","150.772","1.76M","6.28%"
"May 02, 2018","151.718","148.162","153.519","146.478","846.02K","2.37%"
"May 01, 2018","148.207","148.304","148.723","142.923","1.01M","-0.08%"
"Apr 30, 2018","148.327","153.505","154.478","147.290","943.45K","-3.36%"
"Apr 29, 2018","153.483","152.143","156.390","148.052","1.13M","0.88%"
"Apr 28, 2018","152.143","146.023","153.420","144.976","1.04M","4.22%"
"Apr 27, 2018","145.984","153.637","153.702","145.366","1.34M","-5.00%"
"Apr 26, 2018","153.667","144.830","154.422","142.338","1.32M","6.09%"
"Apr 25, 2018","144.847","164.708","164.737","141.789","2.49M","-12.03%"
"Apr 24, 2018","164.652","152.594","166.026","152.529","2.08M","7.90%"
"Apr 23, 2018","152.594","146.549","153.219","146.298","1.12M","4.11%"
"Apr 22, 2018","146.575","148.612","152.945","144.847","1.06M","-1.42%"
"Apr 21, 2018","148.686","155.651","156.822","141.028","1.68M","-4.48%"
"Apr 20, 2018","155.657","146.440","156.298","143.444","1.61M","6.29%"
"Apr 19, 2018","146.441","140.431","147.475","138.868","1.31M","4.28%"
"Apr 18, 2018","140.425","132.202","141.337","132.105","1.32M","6.13%"
"Apr 17, 2018","132.309","128.773","140.324","128.743","1.99M","2.79%"
"Apr 16, 2018","128.719","132.522","133.233","125.176","1.10M","-2.87%"
"Apr 15, 2018","132.525","126.518","132.713","126.518","1.01M","4.75%"
"Apr 14, 2018","126.514","125.388","129.651","124.476","973.59K","0.90%"
"Apr 13, 2018","125.391","129.679","133.649","124.105","2.10M","-3.30%"
"Apr 12, 2018","129.665","118.327","130.845","113.272","2.70M","9.58%"
"Apr 11, 2018","118.325","114.321","119.753","113.217","880.50K","3.50%"
"Apr 10, 2018","114.321","114.987","115.350","111.733","850.22K","-0.57%"
"Apr 09, 2018","114.977","117.840","122.891","112.935","1.28M","-2.43%"
"Apr 08, 2018","117.839","116.087","118.533","115.651","693.31K","1.51%"
"Apr 07, 2018","116.087","113.085","119.678","112.800","896.24K","2.65%"
"Apr 06, 2018","113.087","118.653","120.358","112.108","1.02M","-4.69%"
"Apr 05, 2018","118.658","118.307","122.417","114.023","1.33M","0.32%"
"Apr 04, 2018","118.275","134.254","134.640","115.610","1.89M","-11.91%"
"Apr 03, 2018","134.260","119.178","137.024","118.379","1.54M","12.66%"
"Apr 02, 2018","119.178","115.103","121.565","114.416","1.11M","3.48%"
"Apr 01, 2018","115.174","116.333","118.099","109.881","1.22M","-1.00%"
"Mar 31, 2018","116.340","118.519","124.543","115.777","1.28M","-1.84%"
"Mar 30, 2018","118.517","114.665","126.342","109.975","2.33M","3.36%"
"Mar 29, 2018","114.666","131.632","132.552","112.916","2.43M","-12.89%"
"Mar 28, 2018","131.632","134.971","139.669","130.469","1.20M","-2.23%"
"Mar 27, 2018","134.640","148.240","149.480","134.460","1.50M","-10.67%"
"Mar 26, 2018","150.722","160.383","160.748","144.731","1.93M","-6.03%"
"Mar 25, 2018","160.391","159.245","162.079","154.557","1.12M","0.73%"
"Mar 24, 2018","159.229","167.079","167.670","159.042","1.31M","-4.73%"
"Mar 23, 2018","167.136","163.473","178.699","158.314","1.53M","2.24%"
"Mar 22, 2018","163.468","168.299","171.008","160.577","1.71M","-2.87%"
"Mar 21, 2018","168.303","169.264","176.182","165.125","1.82M","-0.56%"
"Mar 20, 2018","169.247","159.823","171.529","156.386","1.94M","5.38%"
"Mar 19, 2018","160.607","152.386","161.827","150.583","2.14M","5.39%"
"Mar 18, 2018","152.398","152.018","155.337","139.184","2.68M","0.24%"
"Mar 17, 2018","152.039","165.938","166.332","150.574","1.79M","-8.41%"
"Mar 16, 2018","166.008","163.664","171.690","157.780","1.78M","1.41%"
"Mar 15, 2018","163.693","160.523","166.296","151.082","2.33M","1.93%"
"Mar 14, 2018","160.589","175.432","176.842","120.080","1.98M","-8.47%"
"Mar 13, 2018","175.454","177.510","189.239","172.547","1.75M","-1.15%"
"Mar 12, 2018","177.501","187.870","196.486","174.946","2.10M","-5.51%"
"Mar 11, 2018","187.855","176.796","191.981","172.589","2.36M","6.28%"
"Mar 10, 2018","176.751","142.019","190.633","138.588","2.53M","24.45%"
"Mar 09, 2018","142.030","176.168","188.198","141.507","3.86M","-19.38%"
"Mar 08, 2018","176.180","184.919","188.723","174.751","2.29M","-4.72%"
"Mar 07, 2018","184.907","196.190","200.529","177.498","2.63M","-5.75%"
"Mar 06, 2018","196.182","211.250","211.378","190.404","2.00M","-7.13%"
"Mar 05, 2018","211.240","213.301","215.753","209.407","1.44M","-0.98%"
"Mar 04, 2018","213.332","210.266","214.313","205.300","1.37M","1.46%"
"Mar 03, 2018","210.271","212.427","217.881","209.232","1.73M","-1.00%"
"Mar 02, 2018","212.399","209.626","213.223","204.306","1.50M","1.32%"
"Mar 01, 2018","209.633","202.227","214.852","200.552","1.61M","3.77%"
"Feb 28, 2018","202.010","215.073","223.217","201.838","1.91M","-6.10%"
"Feb 27, 2018","215.138","218.456","223.106","212.809","1.93M","-1.51%"
"Feb 26, 2018","218.439","217.863","231.202","215.029","2.79M","0.34%"
"Feb 25, 2018","217.700","206.412","222.782","199.691","2.27M","5.47%"
"Feb 24, 2018","206.412","206.670","217.987","194.573","2.32M","-0.26%"
"Feb 23, 2018","206.945","193.091","215.314","182.445","2.82M","7.20%"
"Feb 22, 2018","193.049","209.980","221.208","188.976","2.86M","-8.08%"
"Feb 21, 2018","210.010","228.877","231.864","204.716","3.16M","-8.17%"
"Feb 20, 2018","228.696","222.087","251.122","221.662","3.68M","2.97%"
"Feb 19, 2018","222.097","214.010","226.457","213.267","1.66M","3.87%"
"Feb 18, 2018","213.821","228.753","231.329","211.385","2.24M","-6.40%"
"Feb 17, 2018","228.445","228.137","232.494","223.861","1.65M","0.10%"
"Feb 16, 2018","228.217","221.311","234.716","209.848","2.68M","3.11%"
"Feb 15, 2018","221.337","212.021","236.507","207.044","4.16M","4.36%"
"Feb 14, 2018","212.082","159.264","217.091","159.264","5.19M","33.16%"
"Feb 13, 2018","159.267","161.507","162.211","152.871","1.23M","-1.36%"
"Feb 12, 2018","161.459","148.907","163.299","148.907","1.44M","8.50%"
"Feb 11, 2018","148.808","155.025","155.808","141.683","1.42M","-4.01%"
"Feb 10, 2018","155.029","163.955","169.121","148.091","1.74M","-5.47%"
"Feb 09, 2018","163.998","148.929","164.175","142.125","1.45M","10.14%"
"Feb 08, 2018","148.903","137.972","150.384","137.910","1.51M","7.91%"
"Feb 07, 2018","137.993","142.017","158.499","130.963","2.47M","-2.97%"
"Feb 06, 2018","142.219","125.187","146.861","106.386","4.82M","13.51%"
"Feb 05, 2018","125.292","147.951","154.089","116.370","3.81M","-15.28%"
"Feb 04, 2018","147.886","160.960","174.553","137.767","3.45M","-8.13%"
"Feb 03, 2018","160.974","131.585","166.182","121.009","2.20M","22.30%"
"Feb 02, 2018","131.625","142.496","142.947","104.906","3.42M","-7.65%"
"Feb 01, 2018","142.528","163.880","166.254","130.041","2.01M","-13.03%"
"Jan 31, 2018","163.879","166.364","167.225","157.317","1.05M","-1.49%"
"Jan 30, 2018","166.365","181.299","181.370","161.049","1.22M","-7.35%"
"Jan 29, 2018","179.570","191.120","191.120","175.560","908.18K","-6.04%"
"Jan 28, 2018","191.120","179.650","192.470","178.650","984.83K","6.38%"
"Jan 27, 2018","179.650","175.710","182.000","173.960","748.73K","2.24%"
"Jan 26, 2018","175.710","178.860","181.710","166.150","1.17M","-1.76%"
"Jan 25, 2018","178.860","180.590","184.780","175.000","998.43K","-0.96%"
"Jan 24, 2018","180.600","178.270","184.690","172.230","1.13M","1.31%"
"Jan 23, 2018","178.270","179.420","186.030","165.010","1.54M","-0.64%"
"Jan 22, 2018","179.420","191.250","194.700","165.500","1.97M","-6.19%"
"Jan 21, 2018","191.250","210.910","211.090","183.120","1.51M","-9.32%"
"Jan 20, 2018","210.910","192.500","214.880","192.500","1.58M","9.56%"
"Jan 19, 2018","192.500","192.570","203.000","187.100","1.75M","-0.05%"
"Jan 18, 2018","192.600","189.000","211.000","176.310","3.57M","1.90%"
"Jan 17, 2018","189.000","191.130","214.890","135.000","7.26M","-1.11%"
"Jan 16, 2018","191.130","232.510","233.210","147.000","6.11M","-17.80%"
"Jan 15, 2018","232.510","237.890","244.200","231.110","924.21K","-2.26%"
"Jan 14, 2018","237.890","258.440","267.980","233.820","1.65M","-7.80%"
"Jan 13, 2018","258.020","235.520","263.000","235.510","1.67M","9.55%"
"Jan 12, 2018","235.520","226.900","241.970","220.520","1.43M","3.79%"
"Jan 11, 2018","226.910","249.010","253.000","220.000","2.65M","-8.69%"
"Jan 10, 2018","248.500","246.900","249.670","232.520","1.96M","0.69%"
"Jan 09, 2018","246.790","255.210","258.750","238.750","1.74M","-3.35%"
"Jan 08, 2018","255.350","272.080","273.670","231.640","2.54M","-6.14%"
"Jan 07, 2018","272.060","279.420","286.950","265.240","1.53M","-2.63%"
"Jan 06, 2018","279.420","246.230","304.000","245.000","3.43M","13.48%"
"Jan 05, 2018","246.230","238.910","251.970","236.240","2.03M","3.06%"
"Jan 04, 2018","238.910","244.990","245.000","226.790","2.15M","-2.48%"
"Jan 03, 2018","244.990","253.310","258.540","240.720","1.86M","-3.28%"
"Jan 02, 2018","253.310","225.220","262.000","225.210","2.84M","12.47%"
"Jan 01, 2018","225.220","227.170","232.290","217.660","1.06M","-0.86%"
"Dec 31, 2017","227.170","216.030","237.880","210.000","1.83M","5.16%"
"Dec 30, 2017","216.030","245.790","246.000","206.000","2.55M","-12.11%"
"Dec 29, 2017","245.790","251.180","259.500","236.500","1.91M","-2.15%"
"Dec 28, 2017","251.180","264.400","266.000","223.590","3.02M","-5.00%"
"Dec 27, 2017","264.400","280.100","286.460","252.810","1.93M","-5.61%"
"Dec 26, 2017","280.100","273.520","286.990","273.170","1.52M","2.41%"
"Dec 25, 2017","273.520","278.810","287.400","271.120","1.25M","-1.90%"
"Dec 24, 2017","278.810","293.030","295.990","254.000","2.86M","-4.85%"
"Dec 23, 2017","293.030","267.790","321.850","261.000","3.90M","9.43%"
"Dec 22, 2017","267.790","311.000","311.890","144.000","13.08M","-13.89%"
"Dec 21, 2017","311.000","305.590","327.990","291.010","2.89M","1.77%"
"Dec 20, 2017","305.590","350.790","350.790","275.000","6.07M","-12.89%"
"Dec 19, 2017","350.790","359.400","380.000","324.670","5.79M","-2.40%"
"Dec 18, 2017","359.400","324.740","366.900","305.770","4.67M","10.67%"
"Dec 17, 2017","324.740","306.860","334.850","303.240","3.68M","5.83%"
"Dec 16, 2017","306.860","303.790","314.970","280.000","3.24M","1.01%"
"Dec 15, 2017","303.790","283.800","322.970","252.220","6.99M","7.04%"
"Dec 14, 2017","283.800","312.890","324.620","256.100","5.82M","-9.30%"
"Dec 13, 2017","312.890","352.080","372.550","275.000","9.32M","-11.13%"
"Dec 12, 2017","352.080","218.600","420.000","213.300","15.30M","61.06%"
"Dec 11, 2017","218.600","150.990","235.000","149.960","9.79M","44.78%"
"Dec 10, 2017","150.990","160.950","160.950","135.450","5.33M","-6.19%"
"Dec 09, 2017","160.950","128.970","199.000","128.960","14.21M","24.80%"
"Dec 08, 2017","128.970","97.960","144.750","95.800","10.10M","31.66%"
"Dec 07, 2017","97.960","100.010","102.480","95.010","4.00M","-2.05%"
"Dec 06, 2017","100.010","101.010","103.900","97.750","3.24M","-0.99%"
"Dec 05, 2017","101.010","104.280","104.290","101.010","2.01M","-3.14%"
"Dec 04, 2017","104.280","101.200","104.500","95.470","2.50M","3.04%"
"Dec 03, 2017","101.200","99.650","107.490","97.000","3.27M","1.56%"
"Dec 02, 2017","99.650","100.160","104.750","98.100","3.41M","-0.51%"
"Dec 01, 2017","100.160","85.820","100.770","82.000","5.69M","16.71%"
"Nov 30, 2017","85.820","86.700","93.500","78.000","4.35M","-1.01%"
"Nov 29, 2017","86.700","94.490","103.540","76.010","6.70M","-8.24%"
"Nov 28, 2017","94.490","91.380","94.880","89.960","2.41M","3.40%"
"Nov 27, 2017","91.380","86.620","93.890","86.400","3.62M","5.50%"
"Nov 26, 2017","86.620","89.130","89.210","84.180","2.87M","-2.82%"
"Nov 25, 2017","89.130","77.540","89.880","77.240","4.34M","14.95%"
"Nov 24, 2017","77.540","73.300","77.700","72.510","2.24M","5.78%"
"Nov 23, 2017","73.300","72.310","77.960","71.070","3.00M","1.37%"
"Nov 22, 2017","72.310","70.000","72.320","70.000","1.38M","3.30%"
"Nov 21, 2017","70.000","72.620","73.000","68.000","2.85M","-3.61%"
"Nov 20, 2017","72.620","71.700","73.250","71.130","1.73M","1.28%"
"Nov 19, 2017","71.700","69.350","73.400","68.550","2.24M","3.39%"
"Nov 18, 2017","69.350","67.500","69.950","65.620","1.45M","2.74%"
"Nov 17, 2017","67.500","70.560","71.460","65.520","3.31M","-4.34%"
"Nov 16, 2017","70.560","63.300","72.500","62.520","3.64M","11.47%"
"Nov 15, 2017","63.300","62.330","65.430","62.200","1.62M","1.56%"
"Nov 14, 2017","62.330","61.240","63.570","60.560","1.45M","1.78%"
"Nov 13, 2017","61.240","58.810","62.420","58.230","1.54M","4.13%"
"Nov 12, 2017","58.810","62.490","62.600","57.080","2.45M","-5.89%"
"Nov 11, 2017","62.490","59.320","63.990","59.020","1.96M","5.34%"
"Nov 10, 2017","59.320","64.400","65.940","56.130","3.48M","-7.89%"
"Nov 09, 2017","64.400","62.460","67.240","61.890","2.63M","3.11%"
"Nov 08, 2017","62.460","60.610","64.300","59.600","3.39M","3.05%"
"Nov 07, 2017","60.610","54.600","63.710","54.600","3.16M","11.01%"
"Nov 06, 2017","54.600","54.670","55.850","53.370","952.22K","-0.13%"
"Nov 05, 2017","54.670","55.090","55.530","54.380","652.87K","-0.76%"
"Nov 04, 2017","55.090","56.190","56.300","54.650","686.04K","-1.96%"
"Nov 03, 2017","56.190","54.350","56.350","53.960","1.36M","3.39%"
"Nov 02, 2017","54.350","53.000","54.850","50.250","2.40M","2.55%"
"Nov 01, 2017","53.000","55.410","55.600","52.820","1.01M","-4.35%"
"Oct 31, 2017","55.410","56.400","56.810","55.400","727.50K","-1.76%"
"Oct 30, 2017","56.400","56.590","58.390","55.850","802.96K","-0.34%"
"Oct 29, 2017","56.590","54.520","58.000","54.260","816.40K","3.80%"
"Oct 28, 2017","54.520","55.240","55.880","54.010","389.55K","-1.30%"
"Oct 27, 2017","55.240","55.560","56.150","54.750","540.07K","-0.58%"
"Oct 26, 2017","55.560","56.360","57.160","54.890","646.60K","-1.42%"
"Oct 25, 2017","56.360","55.610","56.920","53.550","1.11M","1.35%"
"Oct 24, 2017","55.610","54.760","59.190","52.500","2.13M","1.55%"
"Oct 23, 2017","54.760","56.750","56.750","52.450","1.85M","-3.51%"
"Oct 22, 2017","56.750","58.140","58.890","56.120","819.38K","-2.39%"
"Oct 21, 2017","58.140","60.120","60.380","56.200","1.27M","-3.29%"
"Oct 20, 2017","60.120","59.840","62.200","58.520","1.44M","0.47%"
"Oct 19, 2017","59.840","60.670","61.420","58.340","1.58M","-1.37%"
"Oct 18, 2017","60.670","59.190","61.850","52.900","3.47M","2.50%"
"Oct 17, 2017","59.190","64.720","64.990","58.510","1.73M","-8.54%"
"Oct 16, 2017","64.720","65.510","66.400","62.330","1.50M","-1.21%"
"Oct 15, 2017","65.510","63.940","69.590","62.060","3.24M","2.46%"
"Oct 14, 2017","63.940","58.900","66.850","58.300","3.01M","8.56%"
"Oct 13, 2017","58.900","59.580","60.960","55.250","3.60M","-1.14%"
"Oct 12, 2017","59.580","50.810","59.580","50.660","3.77M","17.26%"
"Oct 11, 2017","50.810","50.400","51.000","50.220","422.85K","0.81%"
"Oct 10, 2017","50.400","50.040","51.480","49.590","832.85K","0.72%"
"Oct 09, 2017","50.040","53.270","53.410","48.150","1.90M","-6.06%"
"Oct 08, 2017","53.270","52.570","54.790","52.400","871.06K","1.33%"
"Oct 07, 2017","52.570","52.120","52.850","51.600","464.54K","0.86%"
"Oct 06, 2017","52.120","51.670","52.730","51.400","631.64K","0.87%"
"Oct 05, 2017","51.670","51.160","51.940","50.250","697.71K","1.00%"
"Oct 04, 2017","51.160","52.150","53.000","50.530","882.55K","-1.90%"
"Oct 03, 2017","52.150","53.370","53.590","51.350","1.00M","-2.29%"
"Oct 02, 2017","53.370","54.690","55.080","52.620","970.42K","-2.41%"
"Oct 01, 2017","54.690","55.260","55.330","53.500","831.62K","-1.03%"
"Sep 30, 2017","55.260","52.620","55.920","52.540","1.08M","5.02%"
"Sep 29, 2017","52.620","54.870","54.870","50.350","2.29M","-4.10%"
"Sep 28, 2017","54.870","56.880","57.110","54.070","1.94M","-3.53%"
"Sep 27, 2017","56.880","52.340","57.440","52.320","2.51M","8.67%"
"Sep 26, 2017","52.340","52.220","54.410","51.500","1.51M","0.23%"
"Sep 25, 2017","52.220","47.700","53.250","47.530","2.12M","9.48%"
"Sep 24, 2017","47.700","49.410","49.580","47.100","996.16K","-3.46%"
"Sep 23, 2017","49.410","47.810","50.240","46.450","1.39M","3.35%"
"Sep 22, 2017","47.810","46.610","49.720","45.000","2.93M","2.57%"
"Sep 21, 2017","46.610","51.570","52.500","45.180","3.47M","-9.62%"
"Sep 20, 2017","51.570","52.950","54.600","51.110","1.45M","-2.61%"
"Sep 19, 2017","52.950","56.300","56.860","51.380","2.60M","-5.95%"
"Sep 18, 2017","56.300","51.370","58.000","51.360","3.75M","9.60%"
"Sep 17, 2017","51.370","52.470","54.100","47.870","2.42M","-2.10%"
"Sep 16, 2017","52.470","52.290","59.000","50.640","3.64M","0.34%"
"Sep 15, 2017","52.290","45.420","62.410","33.560","12.97M","15.13%"
"Sep 14, 2017","45.420","61.800","62.600","45.100","6.85M","-26.50%"
"Sep 13, 2017","61.800","66.000","66.460","57.740","4.68M","-6.36%"
"Sep 12, 2017","66.000","68.280","71.930","65.020","2.49M","-3.34%"
"Sep 11, 2017","68.280","67.440","71.550","65.500","1.78M","1.25%"
"Sep 10, 2017","67.440","71.270","71.440","65.020","2.41M","-5.37%"
"Sep 09, 2017","71.270","73.700","74.500","69.100","1.83M","-3.30%"
"Sep 08, 2017","73.700","80.230","82.110","68.120","4.47M","-8.14%"
"Sep 07, 2017","80.230","81.470","82.750","77.370","2.40M","-1.52%"
"Sep 06, 2017","81.470","74.190","82.670","74.190","3.88M","9.81%"
"Sep 05, 2017","74.190","71.250","74.950","66.000","3.30M","4.13%"
"Sep 04, 2017","71.250","79.440","79.510","64.000","5.35M","-10.31%"
"Sep 03, 2017","79.440","79.840","84.620","77.260","2.56M","-0.50%"
"Sep 02, 2017","79.840","89.230","93.850","73.870","5.70M","-10.52%"
"Sep 01, 2017","89.230","73.230","98.280","71.510","8.25M","21.85%"
"Aug 31, 2017","73.230","66.120","74.800","65.220","4.32M","10.75%"
"Aug 30, 2017","66.120","63.750","67.500","62.000","1.70M","3.72%"
"Aug 29, 2017","63.750","62.380","64.450","61.250","1.92M","2.20%"
"Aug 28, 2017","62.380","61.560","64.730","58.770","2.40M","1.33%"
"Aug 27, 2017","61.560","51.550","64.670","51.200","3.52M","19.42%"
"Aug 26, 2017","51.550","51.110","52.000","50.000","707.27K","0.86%"
"Aug 25, 2017","51.110","51.090","52.200","50.100","1.12M","0.04%"
"Aug 24, 2017","51.090","53.310","53.460","50.230","1.72M","-4.16%"
"Aug 23, 2017","53.310","46.430","55.000","46.080","2.53M","14.82%"
"Aug 22, 2017","46.430","47.990","47.990","44.650","993.02K","-3.25%"
"Aug 21, 2017","47.990","45.570","48.870","44.900","1.06M","5.31%"
"Aug 20, 2017","45.570","45.180","47.150","44.070","668.59K","0.86%"
"Aug 19, 2017","45.180","46.690","47.000","43.760","681.63K","-3.23%"
"Aug 18, 2017","46.690","43.880","47.990","43.290","1.56M","6.40%"
"Aug 17, 2017","43.880","43.800","44.700","43.130","702.38K","0.18%"
"Aug 16, 2017","43.800","43.100","44.940","42.010","837.74K","1.62%"
"Aug 15, 2017","43.100","45.590","45.700","41.650","1.32M","-5.46%"
"Aug 14, 2017","45.590","45.220","46.340","44.820","854.87K","0.82%"
"Aug 13, 2017","45.220","46.330","47.380","44.050","1.19M","-2.40%"
"Aug 12, 2017","46.330","47.080","47.800","46.010","1.04M","-1.59%"
"Aug 11, 2017","47.080","47.200","47.710","46.600","809.69K","-0.25%"
"Aug 10, 2017","47.200","47.690","48.600","47.010","746.72K","-1.03%"
"Aug 09, 2017","47.690","49.060","49.950","46.660","1.30M","-2.79%"
"Aug 08, 2017","49.060","45.990","49.980","45.760","1.62M","6.68%"
"Aug 07, 2017","45.990","45.330","46.500","45.010","697.52K","1.46%"
"Aug 06, 2017","45.330","45.850","46.650","44.780","776.82K","-1.13%"
"Aug 05, 2017","45.850","43.070","47.090","43.060","1.48M","6.45%"
"Aug 04, 2017","43.070","42.490","43.490","42.340","493.19K","1.37%"
"Aug 03, 2017","42.490","41.820","42.870","41.730","425.31K","1.60%"
"Aug 02, 2017","41.820","43.180","43.230","41.520","689.26K","-3.15%"
"Aug 01, 2017","43.180","42.270","43.840","41.180","1.25M","2.15%"
"Jul 31, 2017","42.270","40.820","43.800","38.400","1.31M","3.55%"
"Jul 30, 2017","40.820","41.010","42.160","39.560","597.56K","-0.46%"
"Jul 29, 2017","41.010","40.350","41.500","38.280","1.06M","1.64%"
"Jul 28, 2017","40.350","41.870","42.170","40.100","894.73K","-3.63%"
"Jul 27, 2017","41.870","41.990","42.300","40.800","719.06K","-0.29%"
"Jul 26, 2017","41.990","42.210","43.000","40.400","880.34K","-0.52%"
"Jul 25, 2017","42.210","45.010","45.150","40.230","1.38M","-6.22%"
"Jul 24, 2017","45.010","45.230","45.490","44.410","530.32K","-0.49%"
"Jul 23, 2017","45.230","46.700","46.950","44.100","753.22K","-3.15%"
"Jul 22, 2017","46.700","45.400","47.520","44.430","778.38K","2.86%"
"Jul 21, 2017","45.400","44.720","47.930","44.000","2.04M","1.52%"
"Jul 20, 2017","44.720","40.190","45.000","40.120","1.83M","11.27%"
"Jul 19, 2017","40.190","43.500","43.960","39.680","1.37M","-7.61%"
"Jul 18, 2017","43.500","42.360","45.000","40.560","1.83M","2.69%"
"Jul 17, 2017","42.360","40.690","43.080","39.720","2.17M","4.10%"
"Jul 16, 2017","40.690","38.140","41.990","34.780","2.73M","6.69%"
"Jul 15, 2017","38.140","42.780","42.990","37.500","2.25M","-10.85%"
"Jul 14, 2017","42.780","45.480","45.720","40.000","1.88M","-5.94%"
"Jul 13, 2017","45.480","47.000","47.880","44.100","1.10M","-3.23%"
"Jul 12, 2017","47.000","43.920","48.480","42.100","2.18M","7.01%"
"Jul 11, 2017","43.920","44.740","46.780","41.380","2.10M","-1.83%"
"Jul 10, 2017","44.740","48.760","49.840","42.100","2.30M","-8.24%"
"Jul 09, 2017","48.760","51.270","52.550","48.330","1.29M","-4.90%"
"Jul 08, 2017","51.270","46.210","52.610","44.180","2.21M","10.95%"
"Jul 07, 2017","46.210","51.200","51.360","44.280","2.82M","-9.75%"
"Jul 06, 2017","51.200","53.400","53.400","50.010","1.58M","-4.12%"
"Jul 05, 2017","53.400","54.890","57.750","49.010","3.70M","-2.71%"
"Jul 04, 2017","54.890","45.510","55.400","45.510","4.74M","20.61%"
"Jul 03, 2017","45.510","41.590","47.700","40.600","2.76M","9.43%"
"Jul 02, 2017","41.590","38.370","41.990","37.150","1.05M","8.39%"
"Jul 01, 2017","38.370","39.490","39.830","37.400","728.62K","-2.84%"
"Jun 30, 2017","39.490","40.200","41.200","39.220","819.34K","-1.77%"
"Jun 29, 2017","40.200","42.000","42.140","39.600","1.02M","-4.29%"
"Jun 28, 2017","42.000","40.500","43.440","37.300","2.11M","3.70%"
"Jun 27, 2017","40.500","38.150","40.500","33.610","2.54M","6.16%"
"Jun 26, 2017","38.150","40.800","41.980","33.380","2.73M","-6.50%"
"Jun 25, 2017","40.800","43.050","43.760","38.270","1.79M","-5.23%"
"Jun 24, 2017","43.050","46.030","46.130","42.050","1.38M","-6.47%"
"Jun 23, 2017","46.030","45.980","46.960","45.520","1.00M","0.11%"
"Jun 22, 2017","45.980","44.000","47.890","42.870","1.71M","4.50%"
"Jun 21, 2017","44.000","45.630","46.160","41.500","1.63M","-3.57%"
"Jun 20, 2017","45.630","47.630","48.450","42.500","2.75M","-4.20%"
"Jun 19, 2017","47.630","43.660","49.990","42.270","4.92M","9.09%"
"Jun 18, 2017","43.660","46.010","46.650","39.560","4.13M","-5.11%"
"Jun 17, 2017","46.010","33.890","49.000","33.610","8.91M","35.76%"
"Jun 16, 2017","33.890","28.970","33.900","27.650","2.51M","16.98%"
"Jun 15, 2017","28.970","28.810","29.400","24.420","2.36M","0.56%"
"Jun 14, 2017","28.810","30.320","32.000","27.500","2.34M","-4.98%"
"Jun 13, 2017","30.320","29.060","30.650","28.710","1.44M","4.34%"
"Jun 12, 2017","29.060","34.040","34.170","27.000","2.93M","-14.63%"
"Jun 11, 2017","34.040","30.130","35.500","29.530","2.64M","12.98%"
"Jun 10, 2017","30.130","29.560","30.250","29.000","1.58M","1.93%"
"Jun 09, 2017","29.560","30.080","30.900","29.500","1.35M","-1.73%"
"Jun 08, 2017","30.080","28.600","30.850","27.990","1.28M","5.17%"
"Jun 07, 2017","28.600","30.100","30.800","27.650","1.40M","-4.98%"
"Jun 06, 2017","30.100","30.700","31.330","28.080","2.32M","-1.95%"
"Jun 05, 2017","30.700","27.790","31.800","27.780","2.27M","10.47%"
"Jun 04, 2017","27.790","27.400","27.900","26.790","1.02M","1.42%"
"Jun 03, 2017","27.400","27.900","28.300","26.790","1.01M","-1.79%"
"Jun 02, 2017","27.900","27.740","28.950","26.560","1.21M","0.58%"
"Jun 01, 2017","27.740","25.880","29.940","25.870","2.63M","7.19%"
"May 31, 2017","25.880","24.110","26.220","23.750","1.47M","7.34%"
"May 30, 2017","24.110","25.770","26.500","23.500","1.54M","-6.44%"
"May 29, 2017","25.770","24.730","26.720","23.680","1.16M","4.21%"
"May 28, 2017","24.730","23.500","26.950","23.060","1.47M","5.23%"
"May 27, 2017","23.500","25.930","26.960","19.080","2.46M","-9.37%"
"May 26, 2017","25.930","29.640","32.000","24.310","2.40M","-12.52%"
"May 25, 2017","29.640","34.310","35.500","25.260","2.49M","-13.61%"
"May 24, 2017","34.310","31.060","35.880","30.250","2.82M","10.46%"
"May 23, 2017","31.060","24.710","31.780","24.450","2.56M","25.70%"
"May 22, 2017","24.710","25.920","26.990","22.500","2.31M","-4.67%"
"May 21, 2017","25.920","27.340","28.680","25.440","1.47M","-5.19%"
"May 20, 2017","27.340","27.550","27.940","26.850","947.50K","-0.76%"
"May 19, 2017","27.550","28.580","28.650","26.320","1.96M","-3.60%"
"May 18, 2017","28.580","25.300","29.410","24.630","2.33M","12.96%"
"May 17, 2017","25.300","23.600","26.500","20.310","3.40M","7.20%"
"May 16, 2017","23.600","25.610","25.780","21.000","2.71M","-7.85%"
"May 15, 2017","25.610","28.900","29.110","25.270","1.49M","-11.38%"
"May 14, 2017","28.900","29.090","30.600","27.750","1.08M","-0.65%"
"May 13, 2017","29.090","27.210","29.210","25.040","1.41M","6.91%"
"May 12, 2017","27.210","30.690","31.590","25.060","2.09M","-11.34%"
"May 11, 2017","30.690","32.850","33.350","28.310","2.33M","-6.58%"
"May 10, 2017","32.850","33.200","38.910","30.010","3.59M","-1.05%"
"May 09, 2017","33.200","28.860","34.000","22.670","3.02M","15.04%"
"May 08, 2017","28.860","30.620","30.620","28.040","1.83M","-5.75%"
"May 07, 2017","30.620","28.430","32.300","28.430","3.22M","7.70%"
"May 06, 2017","28.430","26.330","28.880","26.310","1.87M","7.98%"
"May 05, 2017","26.330","24.160","28.690","24.030","3.30M","8.98%"
"May 04, 2017","24.160","22.010","29.750","21.800","6.24M","9.77%"
"May 03, 2017","22.010","16.240","36.000","15.990","5.15M","35.53%"
"May 02, 2017","16.240","16.470","16.620","15.500","489.62K","-1.40%"
"May 01, 2017","16.470","16.200","17.300","15.550","1.11M","1.67%"
"Apr 30, 2017","16.200","16.340","16.740","15.800","1.13M","-0.86%"
"Apr 29, 2017","16.340","14.750","16.400","14.730","1.15M","10.78%"
"Apr 28, 2017","14.750","14.980","15.120","14.500","997.72K","-1.54%"
"Apr 27, 2017","14.980","15.090","15.510","13.470","1.73M","-0.73%"
"Apr 26, 2017","15.090","15.530","16.170","14.690","1.43M","-2.83%"
"Apr 25, 2017","15.530","15.070","15.730","14.510","971.72K","3.05%"
"Apr 24, 2017","15.070","15.380","15.410","14.300","1.01M","-2.02%"
"Apr 23, 2017","15.380","14.350","16.000","14.200","1.87M","7.18%"
"Apr 22, 2017","14.350","12.120","16.000","12.030","2.07M","18.40%"
"Apr 21, 2017","12.120","10.990","12.450","10.850","1.47M","10.28%"
"Apr 20, 2017","10.990","10.210","11.400","10.150","938.97K","7.64%"
"Apr 19, 2017","10.210","10.950","11.000","10.010","601.23K","-6.76%"
"Apr 18, 2017","10.950","11.150","11.500","10.270","1.22M","-1.79%"
"Apr 17, 2017","11.150","11.700","12.600","10.950","1.07M","-4.70%"
"Apr 16, 2017","11.700","11.690","11.870","11.570","208.86K","0.09%"
"Apr 15, 2017","11.690","11.610","12.140","10.460","570.22K","0.69%"
"Apr 14, 2017","11.610","11.050","11.840","11.030","644.56K","5.07%"
"Apr 13, 2017","11.050","11.690","11.740","10.630","824.58K","-5.47%"
"Apr 12, 2017","11.690","9.710","12.230","9.660","1.55M","20.39%"
"Apr 11, 2017","9.710","9.870","10.350","9.450","597.89K","-1.62%"
"Apr 10, 2017","9.870","9.260","10.120","8.890","799.60K","6.59%"
"Apr 09, 2017","9.260","10.790","10.990","8.570","853.20K","-14.18%"
"Apr 08, 2017","10.790","9.890","11.390","9.830","634.87K","9.10%"
"Apr 07, 2017","9.890","10.870","11.390","9.390","1.21M","-9.02%"
"Apr 06, 2017","10.870","13.000","13.190","9.700","2.96M","-16.38%"
"Apr 05, 2017","13.000","9.150","13.750","8.880","2.59M","42.08%"
"Apr 04, 2017","9.150","8.610","9.780","8.350","916.95K","6.27%"
"Apr 03, 2017","8.610","8.340","9.500","7.500","875.81K","3.24%"
"Apr 02, 2017","8.340","7.610","8.880","7.030","982.41K","9.59%"
"Apr 01, 2017","7.610","7.250","7.730","6.650","616.01K","4.97%"
"Mar 31, 2017","7.250","7.890","7.900","5.750","1.18M","-8.11%"
"Mar 30, 2017","7.890","4.300","9.900","4.260","1.64M","83.49%"
"Mar 29, 2017","4.300","4.200","4.500","4.120","133.99K","2.38%"
"Mar 28, 2017","4.200","4.080","4.220","4.070","59.35K","2.94%"
"Mar 27, 2017","4.080","4.100","4.190","4.030","134.47K","-0.49%"
"Mar 26, 2017","4.100","4.090","4.120","4.040","73.17K","0.24%"
"Mar 25, 2017","4.090","4.110","4.180","3.970","121.72K","-0.49%"
"Mar 24, 2017","4.110","3.960","4.500","3.930","235.68K","3.79%"
"Mar 23, 2017","3.960","3.940","4.030","3.900","56.25K","0.51%"
"Mar 22, 2017","3.940","4.040","4.050","3.810","82.98K","-2.48%"
"Mar 21, 2017","4.040","4.180","4.200","3.950","62.91K","-3.35%"
"Mar 20, 2017","4.180","3.930","4.200","3.850","61.06K","6.36%"
"Mar 19, 2017","3.930","4.020","4.120","3.850","50.41K","-2.24%"
"Mar 18, 2017","4.020","4.120","4.430","3.690","152.97K","-2.43%"
"Mar 17, 2017","4.120","4.310","4.350","4.000","69.69K","-4.41%"
"Mar 16, 2017","4.310","4.330","4.610","4.220","113.11K","-0.46%"
"Mar 15, 2017","4.330","4.190","4.450","4.100","54.30K","3.34%"
"Mar 14, 2017","4.190","4.400","4.430","4.140","47.45K","-4.77%"
"Mar 13, 2017","4.400","3.940","4.590","3.890","182.83K","11.68%"
"Mar 12, 2017","3.940","3.820","3.950","3.820","37.72K","3.14%"
"Mar 11, 2017","3.820","3.800","3.950","3.770","47.50K","0.53%"
"Mar 10, 2017","3.800","3.920","4.100","3.700","79.70K","-3.06%"
"Mar 09, 2017","3.920","3.860","3.950","3.830","19.49K","1.55%"
"Mar 08, 2017","3.860","3.990","4.010","3.830","27.65K","-3.26%"
"Mar 07, 2017","3.990","4.100","4.260","3.900","32.34K","-2.68%"
"Mar 06, 2017","4.100","4.020","4.100","3.960","27.16K","1.99%"
"Mar 05, 2017","4.020","4.040","4.040","3.850","11.52K","-0.50%"
"Mar 04, 2017","4.040","4.070","4.140","3.880","30.75K","-0.74%"
"Mar 03, 2017","4.070","4.040","4.500","4.010","48.79K","0.74%"
"Mar 02, 2017","4.040","3.860","4.290","3.800","77.03K","4.66%"
"Mar 01, 2017","3.860","3.850","3.950","3.800","30.20K","0.26%"
"Feb 28, 2017","3.850","3.870","3.940","3.810","30.87K","-0.52%"
"Feb 27, 2017","3.870","3.890","3.930","3.850","34.91K","-0.51%"
"Feb 26, 2017","3.890","3.900","3.930","3.840","6.92K","-0.26%"
"Feb 25, 2017","3.900","3.950","3.980","3.830","26.65K","-1.27%"
"Feb 24, 2017","3.950","3.900","4.000","3.790","19.10K","1.28%"
"Feb 23, 2017","3.900","3.890","4.000","3.890","17.90K","0.26%"
"Feb 22, 2017","3.890","3.850","3.930","3.850","16.46K","1.04%"
"Feb 21, 2017","3.850","3.810","3.890","3.760","18.28K","1.05%"
"Feb 20, 2017","3.810","3.810","3.850","3.760","25.09K","0.00%"
"Feb 19, 2017","3.810","3.840","3.850","3.760","24.86K","-0.78%"
"Feb 18, 2017","3.840","3.910","3.940","3.800","26.69K","-1.79%"
"Feb 17, 2017","3.910","3.860","3.950","3.850","10.39K","1.30%"
"Feb 16, 2017","3.860","3.890","3.920","3.850","8.67K","-0.77%"
"Feb 15, 2017","3.890","3.820","3.910","3.810","22.33K","1.83%"
"Feb 14, 2017","3.820","3.780","3.820","3.760","16.17K","1.06%"
"Feb 13, 2017","3.780","3.800","3.830","3.740","16.85K","-0.53%"
"Feb 12, 2017","3.800","3.840","3.850","3.770","8.06K","-1.04%"
"Feb 11, 2017","3.840","3.830","3.880","3.820","26.24K","0.26%"
"Feb 10, 2017","3.830","3.760","3.890","3.700","19.21K","1.86%"
"Feb 09, 2017","3.760","3.960","3.990","3.620","97.21K","-5.05%"
"Feb 08, 2017","3.960","3.980","4.060","3.910","53.18K","-0.50%"
"Feb 07, 2017","3.980","3.970","4.020","3.940","67.39K","0.25%"
"Feb 06, 2017","3.970","3.970","4.020","3.940","6.72K","0.00%"
"Feb 05, 2017","3.970","4.020","4.030","3.910","6.12K","-1.24%"
"Feb 04, 2017","4.020","4.060","4.060","3.940","12.34K","-0.99%"
"Feb 03, 2017","4.060","4.090","4.120","3.910","16.29K","-0.73%"
"Feb 02, 2017","4.090","4.080","4.110","3.970","18.93K","0.25%"
"Feb 01, 2017","4.080","4.070","4.150","3.950","18.68K","0.25%"
"Jan 31, 2017","4.070","4.030","4.190","4.030","37.11K","0.99%"
"Jan 30, 2017","4.030","3.880","4.090","3.830","25.54K","3.87%"
"Jan 29, 2017","3.880","3.870","3.900","3.840","2.39K","0.26%"
"Jan 28, 2017","3.870","3.900","3.900","3.850","3.35K","-0.77%"
"Jan 27, 2017","3.900","3.860","3.960","3.790","17.79K","1.04%"
"Jan 26, 2017","3.860","3.690","3.930","3.680","16.33K","4.61%"
"Jan 25, 2017","3.690","3.760","3.810","3.650","18.83K","-1.86%"
"Jan 24, 2017","3.760","3.850","3.890","3.760","11.37K","-2.34%"
"Jan 23, 2017","3.850","3.860","3.920","3.830","5.29K","-0.26%"
"Jan 22, 2017","3.860","3.920","3.970","3.850","7.36K","-1.53%"
"Jan 21, 2017","3.920","3.880","3.930","3.880","2.67K","1.03%"
"Jan 20, 2017","3.880","3.880","3.950","3.860","3.84K","0.00%"
"Jan 19, 2017","3.880","3.890","3.960","3.830","13.31K","-0.26%"
"Jan 18, 2017","3.890","3.930","3.950","3.810","9.44K","-1.02%"
"Jan 17, 2017","3.930","3.880","4.160","3.870","7.63K","1.29%"
"Jan 16, 2017","3.880","3.960","3.980","3.880","1.23K","-2.02%"
"Jan 15, 2017","3.960","4.000","4.100","3.950","6.41K","-1.00%"
"Jan 14, 2017","4.000","3.970","4.250","3.920","7.93K","0.76%"
"Jan 13, 2017","3.970","4.000","4.060","3.900","3.16K","-0.75%"
"Jan 12, 2017","4.000","4.020","4.140","3.790","26.21K","-0.50%"
"Jan 11, 2017","4.020","4.670","4.680","3.930","9.69K","-13.92%"
"Jan 10, 2017","4.670","4.390","4.750","4.040","10.84K","6.38%"
"Jan 09, 2017","4.390","4.030","4.400","3.890","10.11K","8.93%"
"Jan 08, 2017","4.030","3.980","4.400","3.980","3.02K","1.26%"
"Jan 07, 2017","3.980","3.880","4.490","3.660","13.71K","2.58%"
"Jan 06, 2017","3.880","4.230","4.340","3.830","8.58K","-8.27%"
"Jan 05, 2017","4.230","4.550","4.880","3.880","31.38K","-7.03%"
"Jan 04, 2017","4.550","4.550","5.990","4.450","37.03K","0.00%"
"Jan 03, 2017","4.550","4.560","4.650","4.420","6.96K","-0.22%"
"Jan 02, 2017","4.560","4.510","4.900","4.400","25.49K","1.11%"
"Jan 01, 2017","4.510","4.360","4.570","4.340","13.32K","3.44%"
"Dec 31, 2016","4.360","4.350","4.480","4.280","6.02K","0.23%"
"Dec 30, 2016","4.350","4.690","4.690","4.210","1.84K","-7.25%"
"Dec 29, 2016","4.690","4.530","5.000","4.400","5.87K","3.53%"
"Dec 28, 2016","4.530","4.330","4.600","4.300","8.38K","4.62%"
"Dec 27, 2016","4.330","4.230","4.520","4.180","4.98K","2.36%"
"Dec 26, 2016","4.230","4.300","4.370","4.130","2.03K","-1.63%"
"Dec 25, 2016","4.300","4.470","4.490","4.080","10.32K","-3.80%"
"Dec 24, 2016","4.470","4.490","5.140","4.200","25.53K","-0.45%"
"Dec 23, 2016","4.490","3.690","4.490","3.650","24.66K","21.68%"
"Dec 22, 2016","3.690","3.660","3.880","3.620","12.59K","0.82%"
"Dec 21, 2016","3.660","3.620","3.910","3.620","4.70K","1.10%"
"Dec 20, 2016","3.620","3.660","3.690","3.610","0.50K","-1.09%"
"Dec 19, 2016","3.660","3.690","3.710","3.610","0.30K","1.10%"
"Dec 18, 2016","3.620","3.720","3.730","3.620","1.29K","-2.69%"
"Dec 17, 2016","3.720","3.640","3.720","3.600","0.75K","2.20%"
"Dec 16, 2016","3.640","3.640","3.680","3.560","0.77K","4.00%"
"Dec 15, 2016","3.500","3.600","3.700","3.500","1.35K","-2.78%"
"Dec 14, 2016","3.600","3.650","3.660","3.600","1.20K","-1.37%"
"Dec 13, 2016","3.650","3.640","3.680","3.620","0.06K","0.27%"
"Dec 12, 2016","3.640","3.640","3.690","3.620","1.10K","0.00%"
"Dec 11, 2016","3.640","3.700","3.700","3.610","0.18K","-1.62%"
"Dec 10, 2016","3.700","3.740","3.740","3.630","0.27K","-1.07%"
"Dec 09, 2016","3.740","3.650","3.740","3.610","1.12K","2.47%"
"Dec 08, 2016","3.650","3.670","3.770","3.630","7.99K","-0.54%"
"Dec 07, 2016","3.670","3.510","3.860","3.500","4.62K","4.86%"
"Dec 06, 2016","3.500","3.580","3.580","3.420","0.43K","-2.23%"
"Dec 05, 2016","3.580","3.890","3.890","3.320","21.26K","-7.97%"
"Dec 04, 2016","3.890","3.900","3.920","3.860","0.68K","-0.26%"
"Dec 03, 2016","3.900","3.940","3.940","3.870","0.43K","-1.02%"
"Dec 02, 2016","3.940","3.880","3.940","3.870","1.79K","1.55%"
"Dec 01, 2016","3.880","3.840","3.890","3.840","0.71K","1.04%"
"Nov 30, 2016","3.840","3.830","3.980","3.510","7.89K","0.26%"
"Nov 29, 2016","3.830","3.840","3.910","3.810","3.11K","-0.26%"
"Nov 28, 2016","3.840","3.870","3.920","3.810","4.38K","-0.78%"
"Nov 27, 2016","3.870","3.860","3.890","3.820","0.46K","0.26%"
"Nov 26, 2016","3.860","3.870","3.910","3.810","5.48K","-0.26%"
"Nov 25, 2016","3.870","3.900","3.910","3.850","0.68K","-0.77%"
"Nov 24, 2016","3.900","3.860","3.930","3.860","0.82K","1.04%"
"Nov 23, 2016","3.860","3.900","3.970","3.860","1.49K","-1.03%"
"Nov 22, 2016","3.900","3.930","3.990","3.880","3.70K","-0.76%"
"Nov 21, 2016","3.930","3.890","3.930","3.870","0.56K","1.03%"
"Nov 20, 2016","3.890","3.920","3.990","3.860","0.71K","-0.77%"
"Nov 19, 2016","3.920","3.870","3.990","3.850","1.10K","1.29%"
"Nov 18, 2016","3.870","3.900","3.950","3.850","1.70K","-0.77%"
"Nov 17, 2016","3.900","3.920","3.960","3.810","10.39K","-0.51%"
"Nov 16, 2016","3.920","3.920","4.060","3.860","10.60K","0.00%"
"Nov 15, 2016","3.920","3.870","3.960","3.840","4.40K","1.29%"
"Nov 14, 2016","3.870","3.860","3.910","3.810","0.71K","0.26%"
"Nov 13, 2016","3.860","3.750","3.940","3.650","14.41K","2.93%"
"Nov 12, 2016","3.750","3.800","3.850","3.720","9.76K","-1.32%"
"Nov 11, 2016","3.800","3.800","3.860","3.790","0.68K","0.00%"
"Nov 10, 2016","3.800","3.980","3.980","3.790","1.28K","-4.52%"
"Nov 09, 2016","3.980","3.910","3.990","3.770","8.91K","1.79%"
"Nov 08, 2016","3.910","3.880","3.910","3.840","2.03K","0.77%"
"Nov 07, 2016","3.880","3.910","3.920","3.830","2.28K","-0.77%"
"Nov 06, 2016","3.910","3.870","3.930","3.850","0.24K","1.03%"
"Nov 05, 2016","3.870","3.880","3.940","3.860","1.16K","-0.26%"
"Nov 04, 2016","3.880","3.900","3.980","3.770","10.90K","-0.51%"
"Nov 03, 2016","3.900","4.070","4.340","3.800","22.55K","-4.18%"
"Nov 02, 2016","4.070","4.020","4.350","3.990","5.86K","1.24%"
"Nov 01, 2016","4.020","3.980","4.500","3.920","11.58K","1.01%"
"Oct 31, 2016","3.980","3.930","4.070","3.920","1.16K","1.27%"
"Oct 30, 2016","3.930","4.060","4.250","3.930","3.31K","-3.20%"
"Oct 29, 2016","4.060","3.900","4.240","3.900","5.60K","4.10%"
"Oct 28, 2016","3.900","3.990","4.020","3.880","3.17K","-2.26%"
"Oct 27, 2016","3.990","3.890","4.140","3.890","5.38K","2.57%"
"Oct 26, 2016","3.890","3.850","3.960","3.760","10.51K","1.04%"
"Oct 25, 2016","3.850","3.870","3.880","3.800","5.32K","-0.52%"
"Oct 24, 2016","3.870","3.880","3.890","3.820","1.94K","-0.26%"
"Oct 23, 2016","3.880","3.840","3.890","3.700","5.44K","1.04%"
"Oct 22, 2016","3.840","3.790","3.880","3.750","4.55K","1.32%"
"Oct 21, 2016","3.790","3.800","3.810","3.750","2.39K","-0.26%"
"Oct 20, 2016","3.800","3.790","3.810","3.780","1.12K","0.26%"
"Oct 19, 2016","3.790","3.910","3.910","3.790","4.95K","-3.07%"
"Oct 18, 2016","3.910","3.820","3.910","3.800","3.06K","2.36%"
"Oct 17, 2016","3.820","3.880","3.940","3.820","1.10K","-1.55%"
"Oct 16, 2016","3.880","3.920","3.940","3.860","0.09K","-1.02%"
"Oct 15, 2016","3.920","3.820","3.940","3.820","0.39K","2.62%"
"Oct 14, 2016","3.820","3.830","3.920","3.820","0.18K","-0.26%"
"Oct 13, 2016","3.830","3.800","3.930","3.800","10.01K","0.79%"
"Oct 12, 2016","3.800","3.830","3.830","3.790","2.88K","-0.78%"
"Oct 11, 2016","3.830","3.790","3.840","3.750","2.71K","1.06%"
"Oct 10, 2016","3.790","3.840","3.840","3.790","2.18K","-0.26%"
"Oct 09, 2016","3.800","3.860","3.860","3.800","0.27K","-1.55%"
"Oct 08, 2016","3.860","3.820","3.880","3.800","1.94K","1.05%"
"Oct 07, 2016","3.820","3.820","3.870","3.800","0.90K","0.00%"
"Oct 06, 2016","3.820","3.880","3.880","3.780","9.51K","-1.55%"
"Oct 05, 2016","3.880","3.850","3.910","3.790","4.82K","0.78%"
"Oct 04, 2016","3.850","3.830","3.900","3.810","9.82K","0.52%"
"Oct 03, 2016","3.830","3.830","3.940","3.830","3.39K","0.00%"
"Oct 02, 2016","3.830","3.850","3.860","3.820","0.41K","-0.52%"
"Oct 01, 2016","3.850","3.810","3.860","3.810","1.66K","1.05%"
"Sep 30, 2016","3.810","3.860","3.870","3.800","4.68K","-1.30%"
"Sep 29, 2016","3.860","3.810","3.880","3.810","0.44K","1.31%"
"Sep 28, 2016","3.810","3.830","3.900","3.790","1.39K","-0.52%"
"Sep 27, 2016","3.830","3.920","3.920","3.790","4.21K","-2.30%"
"Sep 26, 2016","3.920","3.800","4.000","3.790","3.54K","3.16%"
"Sep 25, 2016","3.800","3.870","3.870","3.800","1.05K","-1.81%"
"Sep 24, 2016","3.870","3.830","4.060","3.830","1.21K","1.04%"
"Sep 23, 2016","3.830","3.790","4.200","3.770","3.09K","1.06%"
"Sep 22, 2016","3.790","3.760","5.050","3.760","10.63K","-0.79%"
"Sep 21, 2016","3.820","4.000","6.720","3.610","9.97K","-4.50%"
"Sep 20, 2016","4.000","3.860","4.000","3.760","11.16K","3.63%"
"Sep 19, 2016","3.860","3.870","3.930","3.800","1.90K","-0.26%"
"Sep 18, 2016","3.870","3.820","3.870","3.810","5.45K","1.31%"
"Sep 17, 2016","3.820","3.810","3.880","3.810","0.91K","0.26%"
"Sep 16, 2016","3.810","3.810","3.890","3.800","1.41K","0.00%"
"Sep 15, 2016","3.810","3.850","3.950","3.810","2.62K","-1.04%"
"Sep 14, 2016","3.850","3.810","3.850","3.800","0.21K","1.05%"
"Sep 13, 2016","3.810","3.880","3.880","3.800","1.45K","-1.80%"
"Sep 12, 2016","3.880","3.900","3.960","3.770","3.61K","-0.51%"
"Sep 11, 2016","3.900","3.960","4.040","3.860","5.01K","-1.52%"
"Sep 10, 2016","3.960","3.960","4.000","3.950","0.08K","0.00%"
"Sep 09, 2016","3.960","4.010","4.020","3.940","1.70K","-1.25%"
"Sep 08, 2016","4.010","3.960","4.030","3.950","0.35K","1.26%"
"Sep 07, 2016","3.960","3.950","4.030","3.910","2.16K","0.25%"
"Sep 06, 2016","3.950","3.960","3.980","3.910","2.77K","-0.25%"
"Sep 05, 2016","3.960","4.020","4.070","3.940","1.94K","-1.49%"
"Sep 04, 2016","4.020","3.880","4.080","3.850","4.92K","3.61%"
"Sep 03, 2016","3.880","3.840","3.990","3.800","7.48K","1.04%"
"Sep 02, 2016","3.840","3.660","4.350","3.650","11.82K","4.92%"
"Sep 01, 2016","3.660","3.740","3.900","3.260","15.47K","-2.14%"
"Aug 31, 2016","3.740","3.810","3.850","3.740","1.63K","-1.84%"
"Aug 30, 2016","3.810","3.770","3.850","3.740","1.58K","1.06%"
"Aug 29, 2016","3.770","3.720","3.840","3.700","3.67K","1.34%"
"Aug 28, 2016","3.720","3.780","3.780","3.620","8.19K","-1.59%"
"Aug 27, 2016","3.780","3.810","3.850","3.620","4.91K","-0.79%"
"Aug 26, 2016","3.810","3.810","3.900","3.770","14.35K","0.00%"
"Aug 25, 2016","3.810","3.840","3.880","3.750","21.87K","-0.78%"
"Aug 24, 2016","3.840","3.950","3.960","3.610","21.86K","-2.78%"